1, 1901, Physics, 1, Munich University, Munich, Germany 
10, 1906, Physics, 1, University of Cambridge, Cambridge, United Kingdom 
100, 1974, Physics, 1, University of Cambridge, Cambridge, United Kingdom 
101, 1974, Physics, 2, University of Cambridge, Cambridge, United Kingdom 
102, 1975, Physics, 1, Niels Bohr Institute, Copenhagen, Denmark 
103, 1975, Physics, 2, Nordita, Copenhagen, Denmark 
104, 1975, Physics, 3, Columbia University, New York, NY, USA 
105, 1976, Physics, 1, Stanford Linear Accelerator Center, Stanford, CA, USA 
106, 1976, Physics, 2, Massachusetts Institute of Technology (MIT), Cambridge, MA, USA 
107, 1977, Physics, 1, Bell Telephone Laboratories, Murray Hill, NJ, USA 
108, 1977, Physics, 2, University of Cambridge, Cambridge, United Kingdom 
109, 1977, Physics, 3, Harvard University, Cambridge, MA, USA 
11, 1907, Physics, 1, University of Chicago, Chicago, IL, USA 
110, 1978, Physics, 1, Academy of Sciences, Moscow, USSR 
111, 1978, Physics, 2, Bell Laboratories, Holmdel, NJ, USA 
112, 1978, Physics, 3, Bell Laboratories, Holmdel, NJ, USA 
113, 1979, Physics, 1, Harvard University, Lyman Laboratory, Cambridge, MA, USA 
114, 1979, Physics, 2, Imperial College, London, United Kingdom 
114, 1979, Physics, 2, International Centre for Theoretical Physics, Trieste, Italy 
115, 1979, Physics, 3, Harvard University, Cambridge, MA, USA 
116, 1980, Physics, 1, University of Chicago, Chicago, IL, USA 
117, 1980, Physics, 2, Princeton University, Princeton, NJ, USA 
118, 1981, Physics, 1, Harvard University, Cambridge, MA, USA 
119, 1981, Physics, 2, Stanford University, Stanford, CA, USA 
12, 1908, Physics, 1, Sorbonne University, Paris, France 
120, 1981, Physics, 3, Uppsala University, Uppsala, Sweden 
121, 1982, Physics, 1, Cornell University, Ithaca, NY, USA 
122, 1983, Physics, 1, University of Chicago, Chicago, IL, USA 
123, 1983, Physics, 2, California Institute of Technology (Caltech), Pasadena, CA, USA 
124, 1984, Physics, 1, CERN, Geneva, Switzerland 
125, 1984, Physics, 2, CERN, Geneva, Switzerland 
126, 1985, Physics, 1, Max-Planck-Institut für Festkörperforschung, Stuttgart, Germany 
127, 1986, Physics, 1, Fritz-Haber-Institut der Max-Planck-Gesellschaft, Berlin, Germany 
128, 1986, Physics, 2, IBM Zurich Research Laboratory, Rüschlikon, Switzerland 
129, 1986, Physics, 3, IBM Zurich Research Laboratory, Rüschlikon, Switzerland 
13, 1909, Physics, 1, Marconi Wireless Telegraph Co. Ltd., London, United Kingdom 
130, 1987, Physics, 1, IBM Zurich Research Laboratory, Rüschlikon, Switzerland 
131, 1987, Physics, 2, IBM Zurich Research Laboratory, Rüschlikon, Switzerland 
132, 1988, Physics, 1, Fermi National Accelerator Laboratory, Batavia, IL, USA 
133, 1988, Physics, 2, Digital Pathways, Inc., Mountain View, CA, USA 
134, 1988, Physics, 3, CERN, Geneva, Switzerland 
135, 1989, Physics, 1, Harvard University, Cambridge, MA, USA 
136, 1989, Physics, 2, University of Washington, Seattle, WA, USA 
137, 1989, Physics, 3, University of Bonn, Bonn, Germany 
138, 1990, Physics, 1, Massachusetts Institute of Technology (MIT), Cambridge, MA, USA 
139, 1990, Physics, 2, Massachusetts Institute of Technology (MIT), Cambridge, MA, USA 
14, 1909, Physics, 2, Strasbourg University, Strasbourg, Germany 
140, 1990, Physics, 3, Stanford University, Stanford, CA, USA 
141, 1991, Physics, 1, Collège de France, Paris, France 
142, 1992, Physics, 1, CERN, Geneva, Switzerland 
142, 1992, Physics, 1, École Supérieure de Physique et Chimie, Paris, France 
143, 1993, Physics, 1, Princeton University, Princeton, NJ, USA 
144, 1993, Physics, 2, Princeton University, Princeton, NJ, USA 
145, 1994, Physics, 1, McMaster University, Hamilton, Ontario, Canada 
146, 1994, Physics, 2, Massachusetts Institute of Technology (MIT), Cambridge, MA, USA 
147, 1995, Physics, 1, Stanford University, Stanford, CA, USA 
148, 1995, Physics, 2, University of California, Irvine, CA, USA 
149, 1996, Physics, 1, Cornell University, Ithaca, NY, USA 
15, 1910, Physics, 1, Amsterdam University, Amsterdam, the Netherlands 
150, 1996, Physics, 2, Stanford University, Stanford, CA, USA 
151, 1996, Physics, 3, Cornell University, Ithaca, NY, USA 
152, 1997, Physics, 1, Stanford University, Stanford, CA, USA 
153, 1997, Physics, 2, Collège de France, Paris, France 
153, 1997, Physics, 2, École Normale Supérieure, Paris, France 
154, 1997, Physics, 3, National Institute of Standards and Technology, Gaithersburg, MD, USA 
155, 1998, Physics, 1, Stanford University, Stanford, CA, USA 
156, 1998, Physics, 2, Columbia University, New York, NY, USA 
157, 1998, Physics, 3, Princeton University, Princeton, NJ, USA 
158, 1999, Physics, 1, Utrecht University, Utrecht, the Netherlands 
16, 1911, Physics, 1, Würzburg University, Würzburg, Germany 
160, 1901, Chemistry, 1, Berlin University, Berlin, Germany 
161, 1902, Chemistry, 1, Berlin University, Berlin, Germany 
162, 1903, Chemistry, 1, Stockholm University, Stockholm, Sweden 
163, 1904, Chemistry, 1, University College, London, United Kingdom 
164, 1905, Chemistry, 1, Munich University, Munich, Germany 
165, 1906, Chemistry, 1, Sorbonne University, Paris, France 
166, 1907, Chemistry, 1, Landwirtschaftliche Hochschule (Agricultural College), Berlin, Germany 
167, 1908, Chemistry, 1, Victoria University, Manchester, United Kingdom 
168, 1909, Chemistry, 1, Leipzig University, Leipzig, Germany 
169, 1910, Chemistry, 1, Goettingen University, Göttingen, Germany 
17, 1912, Physics, 1, Swedish Gas-Accumulator Co., Lidingö, Stockholm, Sweden 
172, 1912, Chemistry, 1, Nancy University, Nancy, France 
173, 1912, Chemistry, 2, Toulouse University, Toulouse, France 
174, 1913, Chemistry, 1, University of Zurich, Zurich, Switzerland 
175, 1914, Chemistry, 1, Harvard University, Cambridge, MA, USA 
176, 1915, Chemistry, 1, Munich University, Munich, Germany 
177, 1918, Chemistry, 1, Kaiser-Wilhelm-Institut (now Fritz-Haber-Institut) für physikalische Chemie und Electrochemie, Berlin-Dahlem, Germany 
178, 1920, Chemistry, 1, Berlin University, Berlin, Germany 
179, 1921, Chemistry, 1, University of Oxford, Oxford, United Kingdom 
18, 1913, Physics, 1, Leiden University, Leiden, the Netherlands 
180, 1922, Chemistry, 1, University of Cambridge, Cambridge, United Kingdom 
181, 1923, Chemistry, 1, Graz University, Graz, Austria 
182, 1925, Chemistry, 1, Goettingen University, Göttingen, Germany 
183, 1926, Chemistry, 1, Uppsala University, Uppsala, Sweden 
184, 1927, Chemistry, 1, Munich University, Munich, Germany 
185, 1928, Chemistry, 1, Goettingen University, Göttingen, Germany 
186, 1929, Chemistry, 1, London University, London, United Kingdom 
187, 1929, Chemistry, 2, Stockholm University, Stockholm, Sweden 
188, 1930, Chemistry, 1, Technische Hochschule (Institute of Technology), Munich, Germany 
189, 1931, Chemistry, 1, I.G. Farbenindustrie A.G., Heidelberg, Germany 
189, 1931, Chemistry, 1, University of Heidelberg, Heidelberg, Germany 
19, 1914, Physics, 1, Frankfurt-on-the-Main University, Frankfurt-on-the-Main, Germany 
190, 1931, Chemistry, 2, I.G. Farbenindustrie A.G., Mannheim-Rheinau, Germany 
190, 1931, Chemistry, 2, University of Heidelberg, Heidelberg, Germany 
191, 1932, Chemistry, 1, General Electric Company, Schenectady, NY, USA 
192, 1934, Chemistry, 1, Columbia University, New York, NY, USA 
193, 1935, Chemistry, 1, Institut du Radium, Paris, France 
194, 1935, Chemistry, 2, Institut du Radium, Paris, France 
195, 1936, Chemistry, 1, Berlin University, Berlin, Germany 
195, 1936, Chemistry, 1, Kaiser-Wilhelm-Institut (now Max-Planck-Institut) für Physik, Berlin, Germany 
196, 1937, Chemistry, 1, Birmingham University, Birmingham, United Kingdom 
197, 1937, Chemistry, 2, University of Zurich, Zurich, Switzerland 
198, 1938, Chemistry, 1, Kaiser-Wilhelm-Institut (now Max-Planck Institut) für Medizinische Forschung, Heidelberg, Germany 
198, 1938, Chemistry, 1, University of Heidelberg, Heidelberg, Germany 
199, 1939, Chemistry, 1, Berlin University, Berlin, Germany 
199, 1939, Chemistry, 1, Kaiser-Wilhelm-Institut (now Max-Planck-Institut) für Biochemie, Berlin-Dahlem, Germany 
2, 1902, Physics, 1, Leiden University, Leiden, the Netherlands 
20, 1915, Physics, 1, University College, London, United Kingdom 
200, 1939, Chemistry, 2, Eidgenössische Technische Hochschule (Swiss Federal Institute of Technology), Zurich, Switzerland 
201, 1943, Chemistry, 1, Stockholm University, Stockholm, Sweden 
202, 1944, Chemistry, 1, Kaiser-Wilhelm-Institut (now Max-Planck Institut) für Chemie, Berlin-Dahlem, Germany 
203, 1945, Chemistry, 1, University of Helsinki, Helsinki, Finland 
204, 1946, Chemistry, 1, Cornell University, Ithaca, NY, USA 
205, 1946, Chemistry, 2, Rockefeller Institute for Medical Research, Princeton, NJ, USA 
206, 1946, Chemistry, 3, Rockefeller Institute for Medical Research, Princeton, NJ, USA 
207, 1947, Chemistry, 1, University of Oxford, Oxford, United Kingdom 
208, 1948, Chemistry, 1, Uppsala University, Uppsala, Sweden 
209, 1949, Chemistry, 1, University of California, Berkeley, CA, USA 
21, 1915, Physics, 2, Victoria University, Manchester, United Kingdom 
210, 1950, Chemistry, 1, Kiel University, Kiel, Germany 
211, 1950, Chemistry, 2, Cologne University, Cologne, Germany 
212, 1951, Chemistry, 1, University of California, Berkeley, CA, USA 
213, 1951, Chemistry, 2, University of California, Berkeley, CA, USA 
214, 1952, Chemistry, 1, National Institute for Medical Research, London, United Kingdom 
215, 1952, Chemistry, 2, Rowett Research Institute, Bucksburn (Scotland), United Kingdom 
216, 1953, Chemistry, 1, Staatliches Institut für makromolekulare Chemie (State Research Institute for Macromolecular Chemistry), Freiburg, Breisgau, Germany 
216, 1953, Chemistry, 1, University of Freiburg, Breisgau, Germany 
217, 1954, Chemistry, 1, California Institute of Technology (Caltech), Pasadena, CA, USA 
217, 1962, Peace, 1, California Institute of Technology (Caltech), Pasadena, CA, USA 
218, 1955, Chemistry, 1, Cornell University, Ithaca, NY, USA 
219, 1956, Chemistry, 1, University of Oxford, Oxford, United Kingdom 
22, 1917, Physics, 1, Edinburgh University, Edinburgh, United Kingdom 
220, 1956, Chemistry, 2, Institute for Chemical Physics of the Academy of Sciences of the USSR, Moscow, USSR 
220, 1956, Chemistry, 2, Lomonosov Moscow State University, Moscow, USSR 
221, 1957, Chemistry, 1, University of Cambridge, Cambridge, United Kingdom 
222, 1958, Chemistry, 1, University of Cambridge, Cambridge, United Kingdom 
222, 1980, Chemistry, 3, MRC Laboratory of Molecular Biology, Cambridge, United Kingdom 
223, 1959, Chemistry, 1, Polarographic Institute of the Czechoslovak Academy of Science, Prague, Czechoslovakia 
224, 1960, Chemistry, 1, University of California, Los Angeles, CA, USA 
225, 1961, Chemistry, 1, University of California, Berkeley, CA, USA 
226, 1962, Chemistry, 1, MRC Laboratory of Molecular Biology, Cambridge, United Kingdom 
227, 1962, Chemistry, 2, MRC Laboratory of Molecular Biology, Cambridge, United Kingdom 
228, 1963, Chemistry, 1, Max-Planck-Institut für Kohlenforschung (Max-Planck-Institute for Carbon Research), Mülheim/Ruhr, Germany 
229, 1963, Chemistry, 2, Institute of Technology, Milan, Italy 
23, 1918, Physics, 1, Berlin University, Berlin, Germany 
230, 1964, Chemistry, 1, University of Oxford, Royal Society, Oxford, United Kingdom 
231, 1965, Chemistry, 1, Harvard University, Cambridge, MA, USA 
232, 1966, Chemistry, 1, University of Chicago, Chicago, IL, USA 
233, 1967, Chemistry, 1, Max-Planck-Institut für Physikalische Chemie, Göttingen, Germany 
234, 1967, Chemistry, 2, Institute of Physical Chemistry, Cambridge, United Kingdom 
235, 1967, Chemistry, 3, Royal Institution of Great Britain, London, United Kingdom 
236, 1968, Chemistry, 1, Yale University, New Haven, CT, USA 
237, 1969, Chemistry, 1, Imperial College, London, United Kingdom 
238, 1969, Chemistry, 2, University of Oslo, Oslo, Norway 
239, 1970, Chemistry, 1, Institute for Biochemical Research, Buenos Aires, Argentina 
24, 1919, Physics, 1, Greifswald University, Greifswald, Germany 
240, 1971, Chemistry, 1, National Research Council of Canada, Ottawa, Canada 
241, 1972, Chemistry, 1, National Institutes of Health, Bethesda, MD, USA 
242, 1972, Chemistry, 2, Rockefeller University, New York, NY, USA 
243, 1972, Chemistry, 3, Rockefeller University, New York, NY, USA 
244, 1973, Chemistry, 1, Technical University, Munich, Germany 
245, 1973, Chemistry, 2, Imperial College, London, United Kingdom 
246, 1974, Chemistry, 1, Stanford University, Stanford, CA, USA 
247, 1975, Chemistry, 1, University of Sussex, Brighton, United Kingdom 
248, 1975, Chemistry, 2, Eidgenössische Technische Hochschule (Swiss Federal Institute of Technology), Zurich, Switzerland 
249, 1976, Chemistry, 1, Harvard University, Cambridge, MA, USA 
25, 1920, Physics, 1, Bureau International des Poids et Mesures (International Bureau of Weights and Measures), Sèvres, France 
250, 1977, Chemistry, 1, University of Texas, Austin, TX, USA 
250, 1977, Chemistry, 1, Université Libre de Bruxelles, Brussels, Belgium 
251, 1978, Chemistry, 1, Glynn Research Laboratories, Bodmin, United Kingdom 
252, 1979, Chemistry, 1, Purdue University, West Lafayette, IN, USA 
253, 1979, Chemistry, 2, University of Heidelberg, Heidelberg, Germany 
254, 1980, Chemistry, 1, Stanford University, Stanford, CA, USA 
255, 1980, Chemistry, 2, Harvard University, Biological Laboratories, Cambridge, MA, USA 
257, 1981, Chemistry, 1, Kyoto University, Kyoto, Japan 
258, 1981, Chemistry, 2, Cornell University, Ithaca, NY, USA 
259, 1982, Chemistry, 1, MRC Laboratory of Molecular Biology, Cambridge, United Kingdom 
26, 1921, Physics, 1, Kaiser-Wilhelm-Institut (now Max-Planck-Institut) für Physik, Berlin, Germany 
260, 1983, Chemistry, 1, Stanford University, Stanford, CA, USA 
261, 1984, Chemistry, 1, Rockefeller University, New York, NY, USA 
262, 1985, Chemistry, 1, The Medical Foundation of Buffalo, Buffalo, NY, USA 
263, 1985, Chemistry, 2, US Naval Research Laboratory, Washington, DC, USA 
264, 1986, Chemistry, 1, Harvard University, Cambridge, MA, USA 
265, 1986, Chemistry, 2, University of California, Berkeley, CA, USA 
266, 1986, Chemistry, 3, University of Toronto, Toronto, Canada 
267, 1987, Chemistry, 1, University of California, Los Angeles, CA, USA 
268, 1987, Chemistry, 2, Collège de France, Paris, France 
268, 1987, Chemistry, 2, Université Louis Pasteur, Strasbourg, France 
269, 1987, Chemistry, 3, Du Pont, Wilmington, DE, USA 
27, 1922, Physics, 1, Copenhagen University, Copenhagen, Denmark 
270, 1988, Chemistry, 1, Howard Hughes Medical Institute, ,  
270, 1988, Chemistry, 1, University of Texas Southwestern Medical Center at Dallas, Dallas, TX, USA 
271, 1988, Chemistry, 2, Max-Planck-Institut für Biochemie, Martinsried, Germany 
272, 1988, Chemistry, 3, Max-Planck-Institut für Biophysik, Frankfurt-on-the-Main, Germany 
273, 1989, Chemistry, 1, Yale University, New Haven, CT, USA 
274, 1989, Chemistry, 2, University of Colorado, Boulder, CO, USA 
275, 1990, Chemistry, 1, Harvard University, Cambridge, MA, USA 
276, 1991, Chemistry, 1, Eidgenössische Technische Hochschule (Swiss Federal Institute of Technology), Zurich, Switzerland 
277, 1992, Chemistry, 1, California Institute of Technology (Caltech), Pasadena, CA, USA 
279, 1993, Chemistry, 2, University of British Columbia, Vancouver, Canada 
28, 1923, Physics, 1, California Institute of Technology (Caltech), Pasadena, CA, USA 
280, 1994, Chemistry, 1, University of Southern California, Los Angeles, CA, USA 
281, 1995, Chemistry, 1, Max-Planck-Institut für Chemie, Mainz, Germany 
282, 1995, Chemistry, 2, Massachusetts Institute of Technology (MIT), Cambridge, MA, USA 
283, 1995, Chemistry, 3, University of California, Irvine, CA, USA 
284, 1996, Chemistry, 1, Rice University, Houston, TX, USA 
285, 1996, Chemistry, 2, University of Sussex, Brighton, United Kingdom 
286, 1996, Chemistry, 3, Rice University, Houston, TX, USA 
287, 1997, Chemistry, 1, University of California, Los Angeles, CA, USA 
288, 1997, Chemistry, 2, MRC Laboratory of Molecular Biology, Cambridge, United Kingdom 
289, 1997, Chemistry, 3, Aarhus University, Aarhus, Denmark 
29, 1924, Physics, 1, Uppsala University, Uppsala, Sweden 
290, 1998, Chemistry, 1, University of California, Santa Barbara, CA, USA 
291, 1998, Chemistry, 2, Northwestern University, Evanston, IL, USA 
292, 1999, Chemistry, 1, California Institute of Technology (Caltech), Pasadena, CA, USA 
293, 1901, Physiology or Medicine, 1, Marburg University, Marburg, Germany 
294, 1902, Physiology or Medicine, 1, University College, Liverpool, United Kingdom 
295, 1903, Physiology or Medicine, 1, Finsen Medical Light Institute, Copenhagen, Denmark 
296, 1904, Physiology or Medicine, 1, Military Medical Academy, St. Petersburg, Russia 
297, 1905, Physiology or Medicine, 1, Institute for Infectious Diseases, Berlin, Germany 
298, 1906, Physiology or Medicine, 1, Pavia University, Pavia, Italy 
299, 1906, Physiology or Medicine, 2, Madrid University, Madrid, Spain 
3, 1902, Physics, 2, Amsterdam University, Amsterdam, the Netherlands 
30, 1925, Physics, 1, Goettingen University, Göttingen, Germany 
300, 1907, Physiology or Medicine, 1, Institut Pasteur, Paris, France 
301, 1908, Physiology or Medicine, 1, Institut Pasteur, Paris, France 
302, 1908, Physiology or Medicine, 2, Goettingen University, Göttingen, Germany 
302, 1908, Physiology or Medicine, 2, Königliches Institut für experimentelle Therapie (Royal Institute for Experimental Therapy), Frankfurt-on-the-Main, Germany 
303, 1909, Physiology or Medicine, 1, Berne University, Bern, Switzerland 
304, 1910, Physiology or Medicine, 1, University of Heidelberg, Heidelberg, Germany 
305, 1911, Physiology or Medicine, 1, Uppsala University, Uppsala, Sweden 
306, 1912, Physiology or Medicine, 1, Rockefeller Institute for Medical Research, New York, NY, USA 
307, 1913, Physiology or Medicine, 1, Sorbonne University, Paris, France 
308, 1914, Physiology or Medicine, 1, Vienna University, Vienna, Austria 
309, 1919, Physiology or Medicine, 1, Brussels University, Brussels, Belgium 
31, 1925, Physics, 2, Halle University, Halle, Germany 
310, 1920, Physiology or Medicine, 1, Copenhagen University, Copenhagen, Denmark 
311, 1922, Physiology or Medicine, 1, London University, London, United Kingdom 
312, 1922, Physiology or Medicine, 2, Kiel University, Kiel, Germany 
313, 1923, Physiology or Medicine, 1, University of Toronto, Toronto, Canada 
314, 1923, Physiology or Medicine, 2, University of Toronto, Toronto, Canada 
315, 1924, Physiology or Medicine, 1, Leiden University, Leiden, the Netherlands 
316, 1926, Physiology or Medicine, 1, Copenhagen University, Copenhagen, Denmark 
317, 1927, Physiology or Medicine, 1, Vienna University, Vienna, Austria 
318, 1928, Physiology or Medicine, 1, Institut Pasteur, Tunis, Tunisia 
319, 1929, Physiology or Medicine, 1, Utrecht University, Utrecht, the Netherlands 
32, 1926, Physics, 1, Sorbonne University, Paris, France 
320, 1929, Physiology or Medicine, 2, University of Cambridge, Cambridge, United Kingdom 
321, 1930, Physiology or Medicine, 1, Rockefeller Institute for Medical Research, New York, NY, USA 
322, 1931, Physiology or Medicine, 1, Kaiser-Wilhelm-Institut (now Max-Planck-Institut) für Biologie, Berlin-Dahlem, Germany 
323, 1932, Physiology or Medicine, 1, University of Oxford, Oxford, United Kingdom 
324, 1932, Physiology or Medicine, 2, University of Cambridge, Cambridge, United Kingdom 
325, 1933, Physiology or Medicine, 1, California Institute of Technology (Caltech), Pasadena, CA, USA 
326, 1934, Physiology or Medicine, 1, University of Rochester, Rochester, NY, USA 
327, 1934, Physiology or Medicine, 2, Harvard University, Cambridge, MA, USA 
328, 1934, Physiology or Medicine, 3, Harvard University, Cambridge, MA, USA 
328, 1934, Physiology or Medicine, 3, Peter Brent Brigham Hospital, Boston, MA, USA 
329, 1935, Physiology or Medicine, 1, University of Freiburg im Breisgau, Breisgau, Germany 
33, 1927, Physics, 1, University of Chicago, Chicago, IL, USA 
330, 1936, Physiology or Medicine, 1, National Institute for Medical Research, London, United Kingdom 
331, 1936, Physiology or Medicine, 2, Graz University, Graz, Austria 
332, 1937, Physiology or Medicine, 1, Szeged University, Szeged, Hungary 
333, 1938, Physiology or Medicine, 1, Ghent University, Ghent, Belgium 
334, 1939, Physiology or Medicine, 1, Munster University, Munster, Germany 
335, 1943, Physiology or Medicine, 1, Polytechnic Institute, Copenhagen, Denmark 
336, 1943, Physiology or Medicine, 2, Saint Louis University, St. Louis, MO, USA 
337, 1944, Physiology or Medicine, 1, Washington University, St. Louis, MO, USA 
338, 1944, Physiology or Medicine, 2, Rockefeller Institute for Medical Research, New York, NY, USA 
339, 1945, Physiology or Medicine, 1, London University, London, United Kingdom 
34, 1927, Physics, 2, University of Cambridge, Cambridge, United Kingdom 
340, 1945, Physiology or Medicine, 2, University of Oxford, Oxford, United Kingdom 
341, 1945, Physiology or Medicine, 3, University of Oxford, Oxford, United Kingdom 
342, 1946, Physiology or Medicine, 1, Indiana University, Bloomington, IN, USA 
343, 1947, Physiology or Medicine, 1, Washington University, St. Louis, MO, USA 
344, 1947, Physiology or Medicine, 2, Washington University, St. Louis, MO, USA 
345, 1947, Physiology or Medicine, 3, Instituto de Biologia y Medicina Experimental (Institute for Biology and Experimental Medicine), Buenos Aires, Argentina 
346, 1948, Physiology or Medicine, 1, Laboratorium der Farben-Fabriken J.R. Geigy A.G. (Laboratory of the J.R. Geigy Dye-Factory Co.), Basel, Switzerland 
347, 1949, Physiology or Medicine, 1, University of Zurich, Zurich, Switzerland 
348, 1949, Physiology or Medicine, 2, Neurological Institute, Lisbon, Portugal 
348, 1949, Physiology or Medicine, 2, University of Lisbon, Lisbon, Portugal 
349, 1950, Physiology or Medicine, 1, Mayo Clinic, Rochester, MN, USA 
35, 1928, Physics, 1, London University, London, United Kingdom 
350, 1950, Physiology or Medicine, 2, Basel University, Basel, Switzerland 
351, 1950, Physiology or Medicine, 3, Mayo Clinic, Rochester, MN, USA 
352, 1951, Physiology or Medicine, 1, Laboratories of the Division of Medicine and Public Health, Rockefeller Foundation, New York, NY, USA 
353, 1952, Physiology or Medicine, 1, Rutgers University, New Brunswick, NJ, USA 
354, 1953, Physiology or Medicine, 1, Sheffield University, Sheffield, United Kingdom 
355, 1953, Physiology or Medicine, 2, Harvard Medical School, Boston, MA, USA 
355, 1953, Physiology or Medicine, 2, Massachusetts General Hospital, Boston, MA, USA 
356, 1954, Physiology or Medicine, 1, Harvard Medical School, Boston, MA, USA 
356, 1954, Physiology or Medicine, 1, Research Division of Infectious Diseases, Children's Medical Center, Boston, MA, USA 
357, 1954, Physiology or Medicine, 2, Research Division of Infectious Diseases, Children's Medical Center, Boston, MA, USA 
358, 1954, Physiology or Medicine, 3, Western Reserve University, Cleveland, OH, USA 
359, 1955, Physiology or Medicine, 1, Karolinska Institutet, Nobel Medical Institute, Stockholm, Sweden 
36, 1929, Physics, 1, Sorbonne University, Institut Henri Poincaré, Paris, France 
360, 1956, Physiology or Medicine, 1, Columbia University Division, Cardio-Pulmonary Laboratory, Bellevue Hospital, New York, NY, USA 
361, 1956, Physiology or Medicine, 2, Mainz University, Mainz, Germany 
362, 1956, Physiology or Medicine, 3, Columbia University, New York, NY, USA 
363, 1957, Physiology or Medicine, 1, Istituto Superiore di Sanità (Chief Institute of Public Health), Rome, Italy 
364, 1958, Physiology or Medicine, 1, California Institute of Technology (Caltech), Pasadena, CA, USA 
365, 1958, Physiology or Medicine, 2, Rockefeller Institute for Medical Research, New York, NY, USA 
366, 1958, Physiology or Medicine, 3, University of Wisconsin, Madison, WI, USA 
367, 1959, Physiology or Medicine, 1, New York University, College of Medicine, New York, NY, USA 
368, 1959, Physiology or Medicine, 2, Stanford University, Stanford, CA, USA 
369, 1960, Physiology or Medicine, 1, Walter and Eliza Hall Institute for Medical Research, Melbourne, Australia 
37, 1930, Physics, 1, Calcutta University, Calcutta, India 
370, 1960, Physiology or Medicine, 2, University College, London, United Kingdom 
371, 1961, Physiology or Medicine, 1, Harvard University, Cambridge, MA, USA 
372, 1962, Physiology or Medicine, 1, MRC Laboratory of Molecular Biology, Cambridge, United Kingdom 
373, 1962, Physiology or Medicine, 2, Harvard University, Cambridge, MA, USA 
374, 1962, Physiology or Medicine, 3, London University, London, United Kingdom 
375, 1963, Physiology or Medicine, 1, Australian National University, Canberra, Australia 
376, 1963, Physiology or Medicine, 2, University of Cambridge, Cambridge, United Kingdom 
377, 1963, Physiology or Medicine, 3, University College, London, United Kingdom 
378, 1964, Physiology or Medicine, 1, Harvard University, Cambridge, MA, USA 
379, 1964, Physiology or Medicine, 2, Max-Planck-Institut für Zellchemie, Munich, Germany 
38, 1932, Physics, 1, Leipzig University, Leipzig, Germany 
380, 1965, Physiology or Medicine, 1, Institut Pasteur, Paris, France 
381, 1965, Physiology or Medicine, 2, Institut Pasteur, Paris, France 
382, 1965, Physiology or Medicine, 3, Institut Pasteur, Paris, France 
383, 1966, Physiology or Medicine, 1, Rockefeller University, New York, NY, USA 
384, 1966, Physiology or Medicine, 2, University of Chicago, Ben May Laboratory for Cancer Research, Chicago, IL, USA 
385, 1967, Physiology or Medicine, 1, Karolinska Institutet, Stockholm, Sweden 
386, 1967, Physiology or Medicine, 2, Rockefeller University, New York, NY, USA 
387, 1967, Physiology or Medicine, 3, Harvard University, Cambridge, MA, USA 
388, 1968, Physiology or Medicine, 1, Cornell University, Ithaca, NY, USA 
389, 1968, Physiology or Medicine, 2, University of Wisconsin, Madison, WI, USA 
39, 1933, Physics, 1, Berlin University, Berlin, Germany 
390, 1968, Physiology or Medicine, 3, National Institutes of Health, Bethesda, MD, USA 
391, 1969, Physiology or Medicine, 1, California Institute of Technology (Caltech), Pasadena, CA, USA 
392, 1969, Physiology or Medicine, 2, Carnegie Institution of Washington, Long Island, New York, NY, USA 
393, 1969, Physiology or Medicine, 3, Massachusetts Institute of Technology (MIT), Cambridge, MA, USA 
394, 1970, Physiology or Medicine, 1, University College, London, United Kingdom 
395, 1970, Physiology or Medicine, 2, Karolinska Institutet, Stockholm, Sweden 
396, 1970, Physiology or Medicine, 3, National Institutes of Health, Bethesda, MD, USA 
397, 1971, Physiology or Medicine, 1, Vanderbilt University, Nashville, TN, USA 
398, 1972, Physiology or Medicine, 1, Rockefeller University, New York, NY, USA 
399, 1972, Physiology or Medicine, 2, University of Oxford, Oxford, United Kingdom 
4, 1903, Physics, 1, École Polytechnique, Paris, France 
40, 1933, Physics, 2, University of Cambridge, Cambridge, United Kingdom 
400, 1973, Physiology or Medicine, 1, Zoologisches Institut der Universität München, Munich, Germany 
401, 1973, Physiology or Medicine, 2, Konrad-Lorenz-Institut der Österreichischen Akademie der Wissen­schaften, Forschungsstelle für Ethologie, Altenberg; Grünau im Almtal, Austria 
402, 1973, Physiology or Medicine, 3, University of Oxford, Oxford, United Kingdom 
403, 1974, Physiology or Medicine, 1, Université Catholique de Louvain, Louvain, Belgium 
404, 1974, Physiology or Medicine, 2, Rockefeller University, New York, NY, USA 
404, 1974, Physiology or Medicine, 2, Université Catholique de Louvain, Louvain, Belgium 
405, 1974, Physiology or Medicine, 3, Yale University, School of Medicine, New Haven, CT, USA 
406, 1975, Physiology or Medicine, 1, Massachusetts Institute of Technology (MIT), Cambridge, MA, USA 
407, 1975, Physiology or Medicine, 2, Imperial Cancer Research Fund Laboratory, London, United Kingdom 
408, 1975, Physiology or Medicine, 3, University of Wisconsin, Madison, WI, USA 
409, 1976, Physiology or Medicine, 1, The Institute for Cancer Research, Philadelphia, PA, USA 
41, 1935, Physics, 1, Liverpool University, Liverpool, United Kingdom 
410, 1976, Physiology or Medicine, 2, National Institutes of Health, Bethesda, MD, USA 
411, 1977, Physiology or Medicine, 1, The Salk Institute, San Diego, CA, USA 
412, 1977, Physiology or Medicine, 2, Veterans Administration Hospital, New Orleans, LA, USA 
413, 1977, Physiology or Medicine, 3, Veterans Administration Hospital, Bronx, NY, USA 
414, 1978, Physiology or Medicine, 1, Biozentrum der Universität, Basel, Switzerland 
415, 1978, Physiology or Medicine, 2, Johns Hopkins University School of Medicine, Baltimore, MD, USA 
416, 1978, Physiology or Medicine, 3, Johns Hopkins University School of Medicine, Baltimore, MD, USA 
417, 1979, Physiology or Medicine, 1, Tufts University, Medford, MA, USA 
418, 1979, Physiology or Medicine, 2, Central Research Laboratories, EMI, London, United Kingdom 
419, 1980, Physiology or Medicine, 1, Harvard Medical School, Boston, MA, USA 
42, 1936, Physics, 1, Innsbruck University, Innsbruck, Austria 
420, 1980, Physiology or Medicine, 2, Université de Paris, Laboratoire Immuno-Hématologie, Paris, France 
421, 1980, Physiology or Medicine, 3, Jackson Laboratory, Bar Harbor, ME, USA 
422, 1981, Physiology or Medicine, 1, California Institute of Technology (Caltech), Pasadena, CA, USA 
423, 1981, Physiology or Medicine, 2, Harvard Medical School, Boston, MA, USA 
424, 1981, Physiology or Medicine, 3, Harvard Medical School, Boston, MA, USA 
425, 1982, Physiology or Medicine, 1, Karolinska Institutet, Stockholm, Sweden 
426, 1982, Physiology or Medicine, 2, Karolinska Institutet, Stockholm, Sweden 
427, 1982, Physiology or Medicine, 3, The Wellcome Research Laboratories, Beckenham, United Kingdom 
428, 1983, Physiology or Medicine, 1, Cold Spring Harbor Laboratory, Cold Spring Harbor, NY, USA 
429, 1984, Physiology or Medicine, 1, Basel Institute for Immunology, Basel, Switzerland 
43, 1936, Physics, 2, California Institute of Technology (Caltech), Pasadena, CA, USA 
430, 1984, Physiology or Medicine, 2, Basel Institute for Immunology, Basel, Switzerland 
431, 1984, Physiology or Medicine, 3, MRC Laboratory of Molecular Biology, Cambridge, United Kingdom 
432, 1985, Physiology or Medicine, 1, University of Texas Southwestern Medical Center at Dallas, Dallas, TX, USA 
433, 1985, Physiology or Medicine, 2, University of Texas Southwestern Medical Center at Dallas, Dallas, TX, USA 
434, 1986, Physiology or Medicine, 1, Vanderbilt University School of Medicine, Nashville, TN, USA 
435, 1986, Physiology or Medicine, 2, Institute of Cell Biology of the C.N.R., Rome, Italy 
436, 1987, Physiology or Medicine, 1, Massachusetts Institute of Technology (MIT), Cambridge, MA, USA 
437, 1988, Physiology or Medicine, 1, London University, King's College Hospital Medical School, London, United Kingdom 
438, 1988, Physiology or Medicine, 2, Wellcome Research Laboratories, Research Triangle Park, NC, USA 
439, 1988, Physiology or Medicine, 3, Wellcome Research Laboratories, Research Triangle Park, NC, USA 
44, 1937, Physics, 1, Bell Telephone Laboratories, New York, NY, USA 
440, 1989, Physiology or Medicine, 1, University of California School of Medicine, San Francisco, CA, USA 
441, 1989, Physiology or Medicine, 2, University of California School of Medicine, San Francisco, CA, USA 
442, 1990, Physiology or Medicine, 1, Brigham and Women's Hospital, Boston, MA, USA 
443, 1990, Physiology or Medicine, 2, Fred Hutchinson Cancer Research Center, Seattle, WA, USA 
444, 1991, Physiology or Medicine, 1, Max-Planck-Institut für Biophysikalische Chemie, Göttingen, Germany 
445, 1991, Physiology or Medicine, 2, Max-Planck-Institut für medizinische Forschung, Heidelberg, Germany 
446, 1992, Physiology or Medicine, 1, University of Washington, Seattle, WA, USA 
447, 1992, Physiology or Medicine, 2, University of Washington, Seattle, WA, USA 
448, 1993, Physiology or Medicine, 1, New England Biolabs, Beverly, MA, USA 
449, 1993, Physiology or Medicine, 2, Massachusetts Institute of Technology (MIT), Center for Cancer Research, Cambridge, MA, USA 
45, 1937, Physics, 2, London University, London, United Kingdom 
450, 1994, Physiology or Medicine, 1, University of Texas Southwestern Medical Center at Dallas, Dallas, TX, USA 
451, 1994, Physiology or Medicine, 2, National Institute of Environmental Health Sciences, Research Triangle Park, NC, USA 
452, 1995, Physiology or Medicine, 1, California Institute of Technology (Caltech), Pasadena, CA, USA 
453, 1995, Physiology or Medicine, 2, Max-Planck-Institut für Entwicklungsbiologie, Tübingen, Germany 
454, 1995, Physiology or Medicine, 3, Princeton University, Princeton, NJ, USA 
455, 1996, Physiology or Medicine, 1, St. Jude Children's Research Hospital, Memphis, TN, USA 
456, 1996, Physiology or Medicine, 2, University of Zurich, Institute of Experimental Immunology, Zurich, Switzerland 
457, 1997, Physiology or Medicine, 1, University of California School of Medicine, San Francisco, CA, USA 
458, 1998, Physiology or Medicine, 1, SUNY Health Science Center, Brooklyn, NY, USA 
459, 1998, Physiology or Medicine, 2, University of California School of Medicine, Los Angeles, CA, USA 
46, 1938, Physics, 1, Rome University, Rome, Italy 
460, 1998, Physiology or Medicine, 3, University of Texas Medical School at Houston, Houston, TX, USA 
461, 1999, Physiology or Medicine, 1, Howard Hughes Medical Institute, ,  
461, 1999, Physiology or Medicine, 1, Rockefeller University, New York, NY, USA 
47, 1939, Physics, 1, University of California, Berkeley, CA, USA 
472, 1907, Peace, 2, Sorbonne University, Paris, France 
48, 1943, Physics, 1, Carnegie Institute of Technology, Pittsburgh, PA, USA 
49, 1944, Physics, 1, Columbia University, New York, NY, USA 
497, 1931, Peace, 2, Columbia University, New York, NY, USA 
5, 1903, Physics, 2, École municipale de physique et de chimie industrielles (Municipal School of Industrial Physics and Chemistry), Paris, France 
50, 1945, Physics, 1, Princeton University, Princeton, NJ, USA 
51, 1946, Physics, 1, Harvard University, Cambridge, MA, USA 
511, 1950, Peace, 1, Harvard University, Cambridge, MA, USA 
52, 1947, Physics, 1, Department of Scientific and Industrial Research, London, United Kingdom 
53, 1948, Physics, 1, Victoria University, Manchester, United Kingdom 
54, 1949, Physics, 1, Columbia University, New York, NY, USA 
54, 1949, Physics, 1, Kyoto Imperial University, Kyoto, Japan 
55, 1950, Physics, 1, Bristol University, Bristol, United Kingdom 
56, 1951, Physics, 1, Atomic Energy Research Establishment, Harwell, Berkshire, United Kingdom 
57, 1951, Physics, 2, Trinity College, Dublin, Ireland 
58, 1952, Physics, 1, Stanford University, Stanford, CA, USA 
59, 1952, Physics, 2, Harvard University, Cambridge, MA, USA 
6, 1911, Chemistry, 1, Sorbonne University, Paris, France 
60, 1953, Physics, 1, Groningen University, Groningen, the Netherlands 
61, 1954, Physics, 1, Edinburgh University, Edinburgh, United Kingdom 
62, 1954, Physics, 2, Max-Planck-Institut für medizinische Forschung, Heidelberg, Germany 
62, 1954, Physics, 2, University of Heidelberg, Heidelberg, Germany 
63, 1955, Physics, 1, Stanford University, Stanford, CA, USA 
64, 1955, Physics, 2, Columbia University, New York, NY, USA 
65, 1956, Physics, 1, Semiconductor Laboratory of Beckman Instruments, Inc., Mountain View, CA, USA 
66, 1956, Physics, 2, University of Illinois, Urbana, IL, USA 
66, 1972, Physics, 1, University of Illinois, Urbana, IL, USA 
67, 1956, Physics, 3, Bell Telephone Laboratories, Murray Hill, NJ, USA 
677, 1969, Economic Sciences, 1, University of Oslo, Oslo, Norway 
678, 1969, Economic Sciences, 2, The Netherlands School of Economics, Rotterdam, the Netherlands 
679, 1970, Economic Sciences, 1, Massachusetts Institute of Technology (MIT), Cambridge, MA, USA 
68, 1957, Physics, 1, Institute for Advanced Study, Princeton, NJ, USA 
680, 1971, Economic Sciences, 1, Harvard University, Cambridge, MA, USA 
681, 1972, Economic Sciences, 1, All Souls College, Oxford, United Kingdom 
682, 1972, Economic Sciences, 2, Harvard University, Cambridge, MA, USA 
683, 1973, Economic Sciences, 1, Harvard University, Cambridge, MA, USA 
686, 1975, Economic Sciences, 1, Academy of Sciences, Moscow, USSR 
687, 1975, Economic Sciences, 2, Yale University, New Haven, CT, USA 
688, 1976, Economic Sciences, 1, University of Chicago, Chicago, IL, USA 
689, 1977, Economic Sciences, 1, Stockholm School of Economics, Stockholm, Sweden 
69, 1957, Physics, 2, Columbia University, New York, NY, USA 
690, 1977, Economic Sciences, 2, University of Cambridge, Cambridge, United Kingdom 
691, 1978, Economic Sciences, 1, Carnegie Mellon University, Pittsburgh, PA, USA 
692, 1979, Economic Sciences, 1, University of Chicago, Chicago, IL, USA 
693, 1979, Economic Sciences, 2, Princeton University, Princeton, NJ, USA 
694, 1980, Economic Sciences, 1, University of Pennsylvania, Philadelphia, PA, USA 
695, 1981, Economic Sciences, 1, Yale University, New Haven, CT, USA 
696, 1982, Economic Sciences, 1, University of Chicago, Chicago, IL, USA 
697, 1983, Economic Sciences, 1, University of California, Berkeley, CA, USA 
698, 1984, Economic Sciences, 1, University of Cambridge, Cambridge, United Kingdom 
699, 1985, Economic Sciences, 1, Massachusetts Institute of Technology (MIT), Cambridge, MA, USA 
70, 1958, Physics, 1, P.N. Lebedev Physical Institute, Moscow, USSR 
700, 1986, Economic Sciences, 1, Center for Study of Public Choice, Fairfax, VA, USA 
701, 1987, Economic Sciences, 1, Massachusetts Institute of Technology (MIT), Cambridge, MA, USA 
702, 1988, Economic Sciences, 1, École Nationale Supérieur des Mines de Paris, Paris, France 
703, 1989, Economic Sciences, 1, University of Oslo, Oslo, Norway 
704, 1990, Economic Sciences, 1, City University of New York, New York, NY, USA 
705, 1990, Economic Sciences, 2, University of Chicago, Chicago, IL, USA 
706, 1990, Economic Sciences, 3, Stanford University, Stanford, CA, USA 
707, 1991, Economic Sciences, 1, University of Chicago, Chicago, IL, USA 
708, 1992, Economic Sciences, 1, University of Chicago, Chicago, IL, USA 
709, 1993, Economic Sciences, 1, University of Chicago, Chicago, IL, USA 
71, 1958, Physics, 3, Lomonosov Moscow State University, Moscow, USSR 
71, 1958, Physics, 3, P.N. Lebedev Physical Institute, Moscow, USSR 
710, 1993, Economic Sciences, 2, Washington University, St. Louis, MO, USA 
711, 1994, Economic Sciences, 1, University of California, Berkeley, CA, USA 
712, 1994, Economic Sciences, 2, Princeton University, Princeton, NJ, USA 
713, 1994, Economic Sciences, 3, Rheinische Friedrich-Wilhelms-Universität, Bonn, Germany 
714, 1995, Economic Sciences, 1, University of Chicago, Chicago, IL, USA 
715, 1996, Economic Sciences, 1, University of Cambridge, Cambridge, United Kingdom 
716, 1996, Economic Sciences, 2, Columbia University, New York, NY, USA 
717, 1997, Economic Sciences, 1, Harvard University, Cambridge, MA, USA 
718, 1997, Economic Sciences, 2, Long Term Capital Management, Greenwich, CT, USA 
719, 1998, Economic Sciences, 1, Trinity College, Cambridge, United Kingdom 
72, 1959, Physics, 1, University of California, Berkeley, CA, USA 
720, 1999, Economic Sciences, 1, Columbia University, New York, NY, USA 
721, 1958, Physics, 2, Lomonosov Moscow State University, Moscow, USSR 
721, 1958, Physics, 2, P.N. Lebedev Physical Institute, Moscow, USSR 
722, 2000, Physiology or Medicine, 1, Göteborg University, Gothenburg, Sweden 
723, 2000, Physiology or Medicine, 2, Rockefeller University, New York, NY, USA 
724, 2000, Physiology or Medicine, 3, Columbia University, New York, NY, USA 
726, 2000, Physics, 1, A.F. Ioffe Physico-Technical Institute, St. Petersburg, Russia 
727, 2000, Physics, 2, University of California, Santa Barbara, CA, USA 
728, 2000, Physics, 3, Texas Instruments, Dallas, TX, USA 
729, 2000, Chemistry, 1, University of California, Santa Barbara, CA, USA 
73, 1959, Physics, 2, University of California, Berkeley, CA, USA 
730, 2000, Chemistry, 2, University of Pennsylvania, Philadelphia, PA, USA 
731, 2000, Chemistry, 3, University of Tsukuba, Tokyo, Japan 
732, 2000, Economic Sciences, 1, University of Chicago, Chicago, IL, USA 
733, 2000, Economic Sciences, 2, University of California, Berkeley, CA, USA 
735, 2001, Physiology or Medicine, 1, Fred Hutchinson Cancer Research Center, Seattle, WA, USA 
736, 2001, Physiology or Medicine, 2, Imperial Cancer Research Fund, London, United Kingdom 
737, 2001, Physiology or Medicine, 3, Imperial Cancer Research Fund, London, United Kingdom 
738, 2001, Physics, 1, University of Colorado, JILA, Boulder, CO, USA 
739, 2001, Physics, 2, Massachusetts Institute of Technology (MIT), Cambridge, MA, USA 
74, 1960, Physics, 1, University of California, Berkeley, CA, USA 
740, 2001, Physics, 3, University of Colorado, JILA, Boulder, CO, USA 
742, 2001, Chemistry, 2, Nagoya University, Nagoya, Japan 
743, 2001, Chemistry, 3, The Scripps Research Institute, La Jolla, CA, USA 
744, 2001, Economic Sciences, 1, University of California, Berkeley, CA, USA 
745, 2001, Economic Sciences, 2, Stanford University, Stanford, CA, USA 
746, 2001, Economic Sciences, 3, Columbia University, New York, NY, USA 
75, 1961, Physics, 1, Stanford University, Stanford, CA, USA 
750, 2002, Physiology or Medicine, 1, The Molecular Sciences Institute, Berkeley, CA, USA 
751, 2002, Physiology or Medicine, 2, Massachusetts Institute of Technology (MIT), Cambridge, MA, USA 
752, 2002, Physiology or Medicine, 3, The Wellcome Trust Sanger Institute, Cambridge, United Kingdom 
753, 2002, Physics, 1, University of Pennsylvania, Philadelphia, PA, USA 
754, 2002, Physics, 2, University of Tokyo, Tokyo, Japan 
755, 2002, Physics, 3, Associated Universities Inc., Washington, DC, USA 
756, 2002, Chemistry, 1, Virginia Commonwealth University, Richmond, VA, USA 
757, 2002, Chemistry, 2, Shimadzu Corp., Kyoto, Japan 
758, 2002, Chemistry, 3, Eidgenössische Technische Hochschule (Swiss Federal Institute of Technology), Zurich, Switzerland 
758, 2002, Chemistry, 3, The Scripps Research Institute, La Jolla, CA, USA 
759, 2002, Economic Sciences, 1, Princeton University, Princeton, NJ, USA 
76, 1961, Physics, 2, California Institute of Technology (Caltech), Pasadena, CA, USA 
76, 1961, Physics, 2, Technical University, Munich, Germany 
760, 2002, Economic Sciences, 2, George Mason University, Fairfax, VA, USA 
764, 2003, Physiology or Medicine, 1, University of Illinois, Urbana, IL, USA 
765, 2003, Physiology or Medicine, 2, University of Nottingham, School of Physics and Astronomy, Nottingham, United Kingdom 
766, 2003, Physics, 1, Argonne National Laboratory, Argonne, IL, USA 
767, 2003, Physics, 2, P.N. Lebedev Physical Institute, Moscow, Russia 
768, 2003, Physics, 3, University of Illinois, Urbana, IL, USA 
769, 2003, Chemistry, 1, Johns Hopkins University School of Medicine, Baltimore, MD, USA 
77, 1962, Physics, 1, Academy of Sciences, Moscow, USSR 
770, 2003, Chemistry, 2, Howard Hughes Medical Institute, ,  
770, 2003, Chemistry, 2, Rockefeller University, New York, NY, USA 
771, 2003, Economic Sciences, 1, New York University, New York, NY, USA 
772, 2003, Economic Sciences, 2, University of California, San Diego, CA, USA 
774, 2004, Physiology or Medicine, 1, Columbia University, New York, NY, USA 
775, 2004, Physiology or Medicine, 2, Fred Hutchinson Cancer Research Center, Seattle, WA, USA 
776, 2004, Physics, 1, University of California, Kavli Institute for Theoretical Physics, Santa Barbara, CA, USA 
777, 2004, Physics, 2, California Institute of Technology (Caltech), Pasadena, CA, USA 
778, 2004, Physics, 3, Massachusetts Institute of Technology (MIT), Cambridge, MA, USA 
779, 2004, Chemistry, 1, Technion - Israel Institute of Technology, Haifa, Israel 
78, 1963, Physics, 1, Princeton University, Princeton, NJ, USA 
780, 2004, Chemistry, 2, Technion - Israel Institute of Technology, Haifa, Israel 
781, 2004, Chemistry, 3, University of California, Irvine, CA, USA 
786, 2004, Economic Sciences, 1, Carnegie Mellon University, Pittsburgh, PA, USA 
786, 2004, Economic Sciences, 1, University of California, Santa Barbara, CA, USA 
787, 2004, Economic Sciences, 2, Arizona State University, Tempe, AZ, USA 
787, 2004, Economic Sciences, 2, Federal Reserve Bank of Minneapolis, Minneapolis, MN, USA 
789, 2005, Physiology or Medicine, 1, NHMRC Helicobacter pylori Research Laboratory, QEII Medical Centre, Nedlands, Australia 
789, 2005, Physiology or Medicine, 1, University of Western Australia, Perth, Australia 
79, 1963, Physics, 2, University of California, San Diego, CA, USA 
791, 2005, Physics, 1, Harvard University, Cambridge, MA, USA 
792, 2005, Physics, 2, National Institute of Standards and Technology, Boulder, CO, USA 
792, 2005, Physics, 2, University of Colorado, JILA, Boulder, CO, USA 
793, 2005, Physics, 3, Ludwig-Maximilians- Universität, Munich, Germany 
793, 2005, Physics, 3, Max-Planck-Institut für Quantenoptik, Garching, Germany 
794, 2005, Chemistry, 1, Institut Français du Pétrole, Rueil-Malmaison, France 
795, 2005, Chemistry, 2, California Institute of Technology (Caltech), Pasadena, CA, USA 
796, 2005, Chemistry, 3, Massachusetts Institute of Technology (MIT), Cambridge, MA, USA 
799, 2005, Economic Sciences, 1, University of Jerusalem, Center for RationalityHebrew, Jerusalem, Israel 
8, 1904, Physics, 1, Royal Institution of Great Britain, London, United Kingdom 
80, 1963, Physics, 3, University of Heidelberg, Heidelberg, Germany 
800, 2005, Economic Sciences, 2, University of Maryland, Department of Economics and School of Public Policy, College Park, MD, USA 
802, 2006, Physiology or Medicine, 1, Stanford University School of Medicine, Stanford, CA, USA 
803, 2006, Physiology or Medicine, 2, University of Massachusetts Medical School, Worcester, MA, USA 
804, 2006, Physics, 1, NASA Goddard Space Flight Center, Greenbelt, MD, USA 
805, 2006, Physics, 2, University of California, Berkeley, CA, USA 
806, 2006, Chemistry, 1, Stanford University, Stanford, CA, USA 
807, 2006, Economic Sciences, 1, Columbia University, New York, NY, USA 
81, 1964, Physics, 1, Massachusetts Institute of Technology (MIT), Cambridge, MA, USA 
811, 2007, Physiology or Medicine, 1, Howard Hughes Medical Institute, ,  
811, 2007, Physiology or Medicine, 1, University of Utah, Salt Lake City, UT, USA 
812, 2007, Physiology or Medicine, 2, Cardiff University, Cardiff, United Kingdom 
813, 2007, Physiology or Medicine, 3, University of North Carolina, Chapel Hill, NC, USA 
814, 2007, Physics, 1, Unit&eacute; Mixte de Physique CNRS/THALES, Orsay, France 
814, 2007, Physics, 1, Universit&eacute; Paris-Sud, Orsay, France 
815, 2007, Physics, 2, Forschungszentrum J&uuml;lich, Jülich, Germany 
816, 2007, Chemistry, 1, Fritz-Haber-Institut der Max-Planck-Gesellschaft, Berlin, Germany 
82, 1964, Physics, 2, P.N. Lebedev Physical Institute, Moscow, USSR 
820, 2007, Economic Sciences, 1, University of Minnesota, Minneapolis, MN, USA 
821, 2007, Economic Sciences, 2, Institute for Advanced Study, Princeton, NJ, USA 
822, 2007, Economic Sciences, 3, University of Chicago, Chicago, IL, USA 
823, 2008, Physiology or Medicine, 1, German Cancer Research Center, Heidelberg, Germany 
824, 2008, Physiology or Medicine, 2, Regulation of Retroviral Infections Unit, Virology Department, Institut Pasteur, Paris, France 
825, 2008, Physiology or Medicine, 3, World Foundation for AIDS Research and Prevention, Paris, France 
826, 2008, Physics, 1, Enrico Fermi Institute, University of Chicago, Chicago, IL, USA 
827, 2008, Physics, 2, High Energy Accelerator Research Organization (KEK), Tsukuba, Japan 
828, 2008, Physics, 3, Kyoto Sangyo University, Kyoto, Japan 
828, 2008, Physics, 3, Yukawa Institute for Theoretical Physics (YITP), Kyoto University, Kyoto, Japan 
829, 2008, Chemistry, 1, Boston University Medical School, Massachusetts, MA, USA 
829, 2008, Chemistry, 1, Marine Biological Laboratory (MBL), Woods Hole, MA, USA 
83, 1964, Physics, 3, P.N. Lebedev Physical Institute, Moscow, USSR 
830, 2008, Chemistry, 2, Columbia University, New York, NY, USA 
831, 2008, Chemistry, 3, Howard Hughes Medical Institute, ,  
831, 2008, Chemistry, 3, University of California, San Diego, CA, USA 
834, 2008, Economic Sciences, 1, Princeton University, Princeton, NJ, USA 
835, 2009, Physiology or Medicine, 1, University of California, San Francisco, CA, USA 
836, 2009, Physiology or Medicine, 2, Johns Hopkins University School of Medicine, Baltimore, MD, USA 
837, 2009, Physiology or Medicine, 3, Harvard Medical School, Boston, MA, USA 
837, 2009, Physiology or Medicine, 3, Howard Hughes Medical Institute, ,  
837, 2009, Physiology or Medicine, 3, Massachusetts General Hospital, Boston, MA, USA 
838, 2009, Physics, 1, Chinese University of Hong Kong, Hong Kong, China 
838, 2009, Physics, 1, Standard Telecommunication Laboratories, Harlow, United Kingdom 
839, 2009, Physics, 2, Bell Laboratories, Murray Hill, NJ, USA 
84, 1965, Physics, 1, Tokyo University of Education, Tokyo, Japan 
840, 2009, Physics, 3, Bell Laboratories, Murray Hill, NJ, USA 
841, 2009, Chemistry, 1, MRC Laboratory of Molecular Biology, Cambridge, United Kingdom 
842, 2009, Chemistry, 2, Howard Hughes Medical Institute, ,  
842, 2009, Chemistry, 2, Yale University, New Haven, CT, USA 
843, 2009, Chemistry, 3, Weizmann Institute of Science, Rehovot, Israel 
846, 2009, Economic Sciences, 1, Arizona State University, Tempe, AZ, USA 
846, 2009, Economic Sciences, 1, Indiana University, Bloomington, IN, USA 
847, 2009, Economic Sciences, 2, University of California, Berkeley, CA, USA 
848, 2010, Physiology or Medicine, 1, University of Cambridge, Cambridge, United Kingdom 
849, 2010, Physics, 1, University of Manchester, Manchester, United Kingdom 
85, 1965, Physics, 2, Harvard University, Cambridge, MA, USA 
850, 2010, Physics, 2, University of Manchester, Manchester, United Kingdom 
851, 2010, Chemistry, 1, University of Delaware, , USA 
852, 2010, Chemistry, 2, Purdue University, West Lafayette, IN, USA 
853, 2010, Chemistry, 3, Hokkaido University, Sapporo, Japan 
856, 2010, Economic Sciences, 1, Massachusetts Institute of Technology (MIT), Cambridge, MA, USA 
857, 2010, Economic Sciences, 2, Aarhus University, Aarhus, Denmark 
857, 2010, Economic Sciences, 2, Northwestern University, Evanston, IL, USA 
858, 2010, Economic Sciences, 3, London School of Economics and Political Science, London, United Kingdom 
86, 1965, Physics, 3, California Institute of Technology (Caltech), Pasadena, CA, USA 
861, 2011, Physiology or Medicine, 1, The Scripps Research Institute, La Jolla, CA, USA 
861, 2011, Physiology or Medicine, 1, University of Texas Southwestern Medical Center at Dallas, Dallas, TX, USA 
862, 2011, Physiology or Medicine, 2, University of Strasbourg, Strasbourg, France 
863, 2011, Physiology or Medicine, 3, Rockefeller University, New York, NY, USA 
864, 2011, Physics, 1, Lawrence Berkeley National Laboratory, Berkeley, CA, USA 
864, 2011, Physics, 1, University of California, Berkeley, CA, USA 
865, 2011, Physics, 2, Australian National University, Weston Creek, Australia 
866, 2011, Physics, 3, Johns Hopkins University, Baltimore, MD, USA 
866, 2011, Physics, 3, Space Telescope Science Institute, Baltimore, MD, USA 
867, 2011, Chemistry, 1, Technion - Israel Institute of Technology, Haifa, Israel 
87, 1966, Physics, 1, École Normale Supérieure, Paris, France 
872, 2011, Economic Sciences, 1, New York University, New York, NY, USA 
873, 2011, Economic Sciences, 2, Princeton University, Princeton, NJ, USA 
874, 2012, Physiology or Medicine, 1, Gurdon Institute, Cambridge, United Kingdom 
875, 2012, Physiology or Medicine, 2, Gladstone Institutes, San Francisco, CA, USA 
875, 2012, Physiology or Medicine, 2, Kyoto University, Kyoto, Japan 
876, 2012, Physics, 1, Collège de France, Paris, France 
876, 2012, Physics, 1, École Normale Supérieure, Paris, France 
877, 2012, Physics, 2, National Institute of Standards and Technology, Boulder, CO, USA 
877, 2012, Physics, 2, University of Colorado, Boulder, CO, USA 
878, 2012, Chemistry, 1, Duke University Medical Center, Durham, NC, USA 
878, 2012, Chemistry, 1, Howard Hughes Medical Institute, ,  
879, 2012, Chemistry, 2, Stanford University School of Medicine, Stanford, CA, USA 
88, 1967, Physics, 1, Cornell University, Ithaca, NY, USA 
882, 2012, Economic Sciences, 1, Harvard Business School, Boston, MA, USA 
882, 2012, Economic Sciences, 1, Harvard University, Cambridge, MA, USA 
883, 2012, Economic Sciences, 2, University of California, Los Angeles, CA, USA 
884, 2013, Physiology or Medicine, 1, Yale University, New Haven, CT, USA 
885, 2013, Physiology or Medicine, 2, Howard Hughes Medical Institute, ,  
885, 2013, Physiology or Medicine, 2, University of California, Berkeley, CA, USA 
886, 2013, Physiology or Medicine, 3, Howard Hughes Medical Institute, ,  
886, 2013, Physiology or Medicine, 3, Stanford University, Stanford, CA, USA 
887, 2013, Physics, 1, Université Libre de Bruxelles, Brussels, Belgium 
888, 2013, Physics, 2, University of Edinburgh, Edinburgh, United Kingdom 
889, 2013, Chemistry, 1, Harvard University, Cambridge, MA, USA 
889, 2013, Chemistry, 1, Université de Strasbourg, Strasbourg, France 
89, 1968, Physics, 1, University of California, Berkeley, CA, USA 
890, 2013, Chemistry, 2, Stanford University School of Medicine, Stanford, CA, USA 
891, 2013, Chemistry, 3, University of Southern California, Los Angeles, CA, USA 
894, 2013, Economic Sciences, 1, University of Chicago, Chicago, IL, USA 
895, 2013, Economic Sciences, 2, University of Chicago, Chicago, IL, USA 
896, 2013, Economic Sciences, 3, Yale University, New Haven, CT, USA 
9, 1905, Physics, 1, Kiel University, Kiel, Germany 
90, 1969, Physics, 1, California Institute of Technology (Caltech), Pasadena, CA, USA 
903, 2014, Physiology or Medicine, 1, University College, London, United Kingdom 
904, 2014, Physiology or Medicine, 2, Norwegian University of Science and Technology (NTNU), Trondheim, Norway 
905, 2014, Physiology or Medicine, 3, Norwegian University of Science and Technology (NTNU), Trondheim, Norway 
906, 2014, Physics, 1, Meijo University, Nagoya, Japan 
906, 2014, Physics, 1, Nagoya University, Nagoya, Japan 
907, 2014, Physics, 2, Nagoya University, Nagoya, Japan 
908, 2014, Physics, 3, University of California, Santa Barbara, CA, USA 
909, 2014, Chemistry, 1, Janelia Research Campus, Howard Hughes Medical Institute, Ashburn, VA, USA 
91, 1970, Physics, 1, Royal Institute of Technology, Stockholm, Sweden 
910, 2014, Chemistry, 2, German Cancer Research Center, Heidelberg, Germany 
910, 2014, Chemistry, 2, Max Planck Institute for Biophysical Chemistry, Göttingen, Germany 
911, 2014, Chemistry, 3, Stanford University, Stanford, CA, USA 
915, 2014, Economic Sciences, 1, Toulouse School of Economics (TSE), Toulouse, France 
916, 2015, Physiology or Medicine, 1, Drew University, Madison, NJ, USA 
917, 2015, Physiology or Medicine, 2, Kitasato University, Tokyo, Japan 
918, 2015, Physiology or Medicine, 3, China Academy of Traditional Chinese Medicine, Beijing, China 
919, 2015, Physics, 1, University of Tokyo, Kashiwa, Japan 
92, 1970, Physics, 2, University of Grenoble, Grenoble, France 
920, 2015, Physics, 2, Queen's University, Kingston, Canada 
921, 2015, Chemistry, 1, Clare Hall Laboratory, Hertfordshire, United Kingdom 
921, 2015, Chemistry, 1, Francis Crick Institute, Hertfordshire, United Kingdom 
922, 2015, Chemistry, 2, Duke University School of Medicine, Durham, NC, USA 
922, 2015, Chemistry, 2, Howard Hughes Medical Institute, Durham, NC, USA 
923, 2015, Chemistry, 3, University of North Carolina, Chapel Hill, NC, USA 
926, 2015, Economic Sciences, 1, Princeton University, Princeton, NJ, USA 
927, 2016, Physiology or Medicine, 1, Tokyo Institute of Technology, Tokyo, Japan 
928, 2016, Physics, 1, University of Washington, Seattle, WA, USA 
929, 2016, Physics, 2, Princeton University, Princeton, NJ, USA 
93, 1971, Physics, 1, Imperial College, London, United Kingdom 
930, 2016, Physics, 3, Brown University, Providence, RI, USA 
931, 2016, Chemistry, 1, University of Strasbourg, Strasbourg, France 
932, 2016, Chemistry, 2, Northwestern University, Evanston, IL, USA 
933, 2016, Chemistry, 3, University of Groningen, Groningen, the Netherlands 
935, 2016, Economic Sciences, 1, Harvard University, Cambridge, MA, USA 
936, 2016, Economic Sciences, 2, Massachusetts Institute of Technology (MIT), Cambridge, MA, USA 
938, 2017, Physiology or Medicine, 1, University of Maine, Maine, ME, USA 
939, 2017, Physiology or Medicine, 2, Brandeis University, Waltham, MA, USA 
939, 2017, Physiology or Medicine, 2, Howard Hughes Medical Institute, ,  
940, 2017, Physiology or Medicine, 3, Rockefeller University, New York, NY, USA 
941, 2017, Physics, 1, LIGO/VIRGO Collaboration, ,  
941, 2017, Physics, 1, Massachusetts Institute of Technology (MIT), Cambridge, MA, USA 
942, 2017, Physics, 2, California Institute of Technology (Caltech), Pasadena, CA, USA 
942, 2017, Physics, 2, LIGO/VIRGO Collaboration, ,  
943, 2017, Physics, 3, California Institute of Technology (Caltech), Pasadena, CA, USA 
943, 2017, Physics, 3, LIGO/VIRGO Collaboration, ,  
944, 2017, Chemistry, 1, University of Lausanne, Lausanne, Switzerland 
945, 2017, Chemistry, 2, Columbia University, New York, NY, USA 
946, 2017, Chemistry, 3, MRC Laboratory of Molecular Biology, Cambridge, United Kingdom 
949, 2017, Economic Sciences, 1, University of Chicago, Chicago, IL, USA 
95, 1972, Physics, 2, Brown University, Providence, RI, USA 
958, 2018, Physiology or Medicine, 1, Parker Institute for Cancer Immunotherapy, San Francisco, CA, USA 
958, 2018, Physiology or Medicine, 1, University of Texas MD Anderson Cancer Center, Houston, TX, USA 
959, 2018, Physiology or Medicine, 2, Kyoto University, Kyoto, Japan 
96, 1972, Physics, 3, University of Pennsylvania, Philadelphia, PA, USA 
960, 2018, Physics, 1, Bell Laboratories, Holmdel, NJ, USA 
961, 2018, Physics, 2, University of Michigan, Ann Arbor, MI, USA 
961, 2018, Physics, 2, École Polytechnique, Palaiseau, France 
962, 2018, Physics, 3, University of Waterloo, Waterloo, Canada 
963, 2018, Chemistry, 1, California Institute of Technology (Caltech), Pasadena, CA, USA 
964, 2018, Chemistry, 2, University of Missouri, Columbia, USA 
965, 2018, Chemistry, 3, MRC Laboratory of Molecular Biology, Cambridge, United Kingdom 
968, 2018, Economic Sciences, 1, Yale University, New Haven, CT, USA 
969, 2018, Economic Sciences, 2, NYU Stern School of Business, New York, NY, USA 
97, 1973, Physics, 1, IBM Thomas J. Watson Research Center, Yorktown Heights, NY, USA 
970, 2019, Physiology or Medicine, 1, Brigham and Women's Hospital, Boston, MA, USA 
970, 2019, Physiology or Medicine, 1, Dana-Farber Cancer Institute, Boston, MA, USA 
970, 2019, Physiology or Medicine, 1, Harvard Medical School, Boston, MA, USA 
970, 2019, Physiology or Medicine, 1, Howard Hughes Medical Institute, Chevy Chase, MD, USA 
971, 2019, Physiology or Medicine, 2, Francis Crick Institute, London, United Kingdom 
971, 2019, Physiology or Medicine, 2, University of Oxford, Oxford, United Kingdom 
972, 2019, Physiology or Medicine, 3, Johns Hopkins University, Baltimore, MD, USA 
973, 2019, Physics, 1, Princeton University, Princeton, NJ, USA 
974, 2019, Physics, 2, University of Geneva, Geneva, Switzerland 
975, 2019, Physics, 3, University of Cambridge, Cambridge, United Kingdom 
975, 2019, Physics, 3, University of Geneva, Geneva, Switzerland 
976, 2019, Chemistry, 1, University of Texas, Austin, TX, USA 
977, 2019, Chemistry, 2, Binghamton University, State University of New York, New York, NY, USA 
978, 2019, Chemistry, 3, Asahi Kasei Corporation, Tokyo, Japan 
978, 2019, Chemistry, 3, Meijo University, Nagoya, Japan 
98, 1973, Physics, 2, General Electric Company, Schenectady, NY, USA 
982, 2019, Economic Sciences, 1, Massachusetts Institute of Technology (MIT), Cambridge, MA, USA 
983, 2019, Economic Sciences, 2, Massachusetts Institute of Technology (MIT), Cambridge, MA, USA 
984, 2019, Economic Sciences, 3, Harvard University, Cambridge, MA, USA 
985, 2020, Physiology or Medicine, 1, National Institutes of Health, Bethesda, MD, USA 
986, 2020, Physiology or Medicine, 2, University of Alberta, Edmonton, Canada 
987, 2020, Physiology or Medicine, 3, Rockefeller University, New York, NY, USA 
988, 2020, Physics, 1, University of Oxford, Oxford, United Kingdom 
989, 2020, Physics, 2, Max Planck Institute for Extraterrestrial Physics, Garching, Germany 
989, 2020, Physics, 2, University of California, Berkeley, CA, USA 
99, 1973, Physics, 3, University of Cambridge, Cambridge, United Kingdom 
990, 2020, Physics, 3, University of California, Los Angeles, CA, USA 
991, 2020, Chemistry, 1, Max Planck Unit for the Science of Pathogens, Berlin, Germany 
992, 2020, Chemistry, 2, University of California, Berkeley, CA, USA 
995, 2020, Economic Sciences, 1, Stanford University, Stanford, CA, USA 
996, 2020, Economic Sciences, 2, Stanford University, Stanford, CA, USA 
